Series_reference,Period,Data_value,Suppressed,STATUS,UNITS,Magnitude,Subject,Group,Series_title_1,Series_title_2,Series_title_3,Series_title_4,Series_title_5
BDCQ.SEA1AA,2011.06,80078,,F,Number,0,Business Data Collection - BDC,Industry by employment variable,Filled jobs,"Agriculture, Forestry and Fishing",Actual,,
BDCQ.SEA1AA,2011.09,78324,,F,Number,0,Business Data Collection - BDC,Industry by employment variable,Filled jobs,"Agriculture, Forestry and Fishing",Actual,,
BDCQ.SEA1AA,2011.12,85850,,F,Number,0,Business Data Collection - BDC,Industry by employment variable,Filled jobs,"Agriculture, Forestry and Fishing",Actual,,
BDCQ.SEA1AA,2012.03,90743,,F,Number,0,Business Data Collection - BDC,Industry by employment variable,Filled jobs,"Agriculture, Forestry and Fishing",Actual,,
BDCQ.SEA1AA,2012.06,81780,,F,Number,0,Business Data Collection - BDC,Industry by employment variable,Filled jobs,"Agriculture, Forestry and Fishing",Actual,,
BDCQ.SEA1AA,2012.09,79261,,F,Number,0,Business Data Collection - BDC,Industry by employment variable,Filled jobs,"Agriculture, Forestry and Fishing",Actual,,
BDCQ.SEA1AA,2012.12,87793,,F,Number,0,Business Data Collection - BDC,Industry by employment variable,Filled jobs,"Agriculture, Forestry and Fishing",Actual,,
BDCQ.SEA1AA,2013.03,91571,,F,Number,0,Business Data Collection - BDC,Industry by employment variable,Filled jobs,"Agriculture, Forestry and Fishing",Actual,,
BDCQ.SEA1AA,2013.06,81687,,F,Number,0,Business Data Collection - BDC,Industry by employment variable,Filled jobs,"Agriculture, Forestry and Fishing",Actual,,
BDCQ.SEA1AA,2013.09,81471,,F,Number,0,Business Data Collection - BDC,Industry by employment variable,Filled jobs,"Agriculture, Forestry and Fishing",Actual,,
BDCQ.SEA1AA,2013.12,93950,,F,Number,0,Business Data Collection - BDC,Industry by employment variable,Filled jobs,"Agriculture, Forestry and Fishing",Actual,,
BDCQ.SEA1AA,2014.03,97208,,F,Number,0,Business Data Collection - BDC,Industry by employment variable,Filled jobs,"Agriculture, Forestry and Fishing",Actual,,
BDCQ.SEA1AA,2014.06,85879,,F,Number,0,Business Data Collection - BDC,Industry by employment variable,Filled jobs,"Agriculture, Forestry and Fishing",Actual,,
BDCQ.SEA1AA,2014.09,84447,,F,Number,0,Business Data Collection - BDC,Industry by employment variable,Filled jobs,"Agriculture, Forestry and Fishing",Actual,,
BDCQ.SEA1AA,2014.12,95075,,F,Number,0,Business Data Collection - BDC,Industry by employment variable,Filled jobs,"Agriculture, Forestry and Fishing",Actual,,
BDCQ.SEA1AA,2015.03,98202,,F,Number,0,Business Data Collection - BDC,Industry by employment variable,Filled jobs,"Agriculture, Forestry and Fishing",Actual,,
BDCQ.SEA1AA,2015.06,87987,,F,Number,0,Business Data Collection - BDC,Industry by employment variable,Filled jobs,"Agriculture, Forestry and Fishing",Actual,,
BDCQ.SEA1AA,2015.09,84529,,F,Number,0,Business Data Collection - BDC,Industry by employment variable,Filled jobs,"Agriculture, Forestry and Fishing",Actual,,
BDCQ.SEA1AA,2015.12,96848,,F,Number,0,Business Data Collection - BDC,Industry by employment variable,Filled jobs,"Agriculture, Forestry and Fishing",Actual,,
BDCQ.SEA1AA,2016.03,99291,,F,Number,0,Business Data Collection - BDC,Industry by employment variable,Filled jobs,"Agriculture, Forestry and Fishing",Actual,,
BDCQ.SEA1AA,2016.06,88716,,F,Number,0,Business Data Collection - BDC,Industry by employment variable,Filled jobs,"Agriculture, Forestry and Fishing",Actual,,
BDCQ.SEA1AA,2016.09,85933,,F,Number,0,Business Data Collection - BDC,Industry by employment variable,Filled jobs,"Agriculture, Forestry and Fishing",Actual,,
BDCQ.SEA1AA,2016.12,96540,,F,Number,0,Business Data Collection - BDC,Industry by employment variable,Filled jobs,"Agriculture, Forestry and Fishing",Actual,,
BDCQ.SEA1AA,2017.03,98994,,F,Number,0,Business Data Collection - BDC,Industry by employment variable,Filled jobs,"Agriculture, Forestry and Fishing",Actual,,
BDCQ.SEA1AA,2017.06,90510,,F,Number,0,Business Data Collection - BDC,Industry by employment variable,Filled jobs,"Agriculture, Forestry and Fishing",Actual,,
BDCQ.SEA1AA,2017.09,87089,,F,Number,0,Business Data Collection - BDC,Industry by employment variable,Filled jobs,"Agriculture, Forestry and Fishing",Actual,,
BDCQ.SEA1AA,2017.12,98933,,F,Number,0,Business Data Collection - BDC,Industry by employment variable,Filled jobs,"Agriculture, Forestry and Fishing",Actual,,
BDCQ.SEA1AA,2018.03,101168,,F,Number,0,Business Data Collection - BDC,Industry by employment variable,Filled jobs,"Agriculture, Forestry and Fishing",Actual,,
BDCQ.SEA1AA,2018.06,90766,,F,Number,0,Business Data Collection - BDC,Industry by employment variable,Filled jobs,"Agriculture, Forestry and Fishing",Actual,,
BDCQ.SEA1AA,2018.09,86929,,F,Number,0,Business Data Collection - BDC,Industry by employment variable,Filled jobs,"Agriculture, Forestry and Fishing",Actual,,
BDCQ.SEA1AA,2018.12,100290,,F,Number,0,Business Data Collection - BDC,Industry by employment variable,Filled jobs,"Agriculture, Forestry and Fishing",Actual,,
BDCQ.SEA1AA,2019.03,102031,,F,Number,0,Business Data Collection - BDC,Industry by employment variable,Filled jobs,"Agriculture, Forestry and Fishing",Actual,,
BDCQ.SEA1AA,2019.06,90836,,F,Number,0,Business Data Collection - BDC,Industry by employment variable,Filled jobs,"Agriculture, Forestry and Fishing",Actual,,
BDCQ.SEA1AA,2019.09,88032,,F,Number,0,Business Data Collection - BDC,Industry by employment variable,Filled jobs,"Agriculture, Forestry and Fishing",Actual,,
BDCQ.SEA1AA,2019.12,100531,,F,Number,0,Business Data Collection - BDC,Industry by employment variable,Filled jobs,"Agriculture, Forestry and Fishing",Actual,,
BDCQ.SEA1AA,2020.03,100947,,F,Number,0,Business Data Collection - BDC,Industry by employment variable,Filled jobs,"Agriculture, Forestry and Fishing",Actual,,
BDCQ.SEA1AA,2020.06,93239,,F,Number,0,Business Data Collection - BDC,Industry by employment variable,Filled jobs,"Agriculture, Forestry and Fishing",Actual,,
BDCQ.SEA1AA,2020.09,93195,,F,Number,0,Business Data Collection - BDC,Industry by employment variable,Filled jobs,"Agriculture, Forestry and Fishing",Actual,,
BDCQ.SEA1AA,2020.12,102683,,F,Number,0,Business Data Collection - BDC,Industry by employment variable,Filled jobs,"Agriculture, Forestry and Fishing",Actual,,
BDCQ.SEA1AA,2021.03,101342,,F,Number,0,Business Data Collection - BDC,Industry by employment variable,Filled jobs,"Agriculture, Forestry and Fishing",Actual,,
BDCQ.SEA1AA,2021.06,92962,,F,Number,0,Business Data Collection - BDC,Industry by employment variable,Filled jobs,"Agriculture, Forestry and Fishing",Actual,,
BDCQ.SEA1AA,2021.09,91635,,F,Number,0,Business Data Collection - BDC,Industry by employment variable,Filled jobs,"Agriculture, Forestry and Fishing",Actual,,
BDCQ.SEA1AA,2021.12,102423,,F,Number,0,Business Data Collection - BDC,Industry by employment variable,Filled jobs,"Agriculture, Forestry and Fishing",Actual,,
BDCQ.SEA1AA,2022.03,100285,,F,Number,0,Business Data Collection - BDC,Industry by employment variable,Filled jobs,"Agriculture, Forestry and Fishing",Actual,,
BDCQ.SEA1AA,2022.06,94075,,F,Number,0,Business Data Collection - BDC,Industry by employment variable,Filled jobs,"Agriculture, Forestry and Fishing",Actual,,
BDCQ.SEA1AA,2022.09,90838,,F,Number,0,Business Data Collection - BDC,Industry by employment variable,Filled jobs,"Agriculture, Forestry and Fishing",Actual,,
BDCQ.SEA1AS,2011.06,83971,,R,Number,0,Business Data Collection - BDC,Industry by employment variable,Filled jobs,"Agriculture, Forestry and Fishing",Seasonally adjusted,,
BDCQ.SEA1AS,2011.09,84195,,R,Number,0,Business Data Collection - BDC,Industry by employment variable,Filled jobs,"Agriculture, Forestry and Fishing",Seasonally adjusted,,
BDCQ.SEA1AS,2011.12,82509,,R,Number,0,Business Data Collection - BDC,Industry by employment variable,Filled jobs,"Agriculture, Forestry and Fishing",Seasonally adjusted,,
BDCQ.SEA1AS,2012.03,84365,,R,Number,0,Business Data Collection - BDC,Industry by employment variable,Filled jobs,"Agriculture, Forestry and Fishing",Seasonally adjusted,,
BDCQ.SEA1AS,2012.06,85735,,R,Number,0,Business Data Collection - BDC,Industry by employment variable,Filled jobs,"Agriculture, Forestry and Fishing",Seasonally adjusted,,
BDCQ.SEA1AS,2012.09,85262,,R,Number,0,Business Data Collection - BDC,Industry by employment variable,Filled jobs,"Agriculture, Forestry and Fishing",Seasonally adjusted,,
BDCQ.SEA1AS,2012.12,84318,,R,Number,0,Business Data Collection - BDC,Industry by employment variable,Filled jobs,"Agriculture, Forestry and Fishing",Seasonally adjusted,,
BDCQ.SEA1AS,2013.03,85165,,R,Number,0,Business Data Collection - BDC,Industry by employment variable,Filled jobs,"Agriculture, Forestry and Fishing",Seasonally adjusted,,
BDCQ.SEA1AS,2013.06,85602,,R,Number,0,Business Data Collection - BDC,Industry by employment variable,Filled jobs,"Agriculture, Forestry and Fishing",Seasonally adjusted,,
BDCQ.SEA1AS,2013.09,87734,,R,Number,0,Business Data Collection - BDC,Industry by employment variable,Filled jobs,"Agriculture, Forestry and Fishing",Seasonally adjusted,,
BDCQ.SEA1AS,2013.12,90124,,R,Number,0,Business Data Collection - BDC,Industry by employment variable,Filled jobs,"Agriculture, Forestry and Fishing",Seasonally adjusted,,
BDCQ.SEA1AS,2014.03,90482,,R,Number,0,Business Data Collection - BDC,Industry by employment variable,Filled jobs,"Agriculture, Forestry and Fishing",Seasonally adjusted,,
BDCQ.SEA1AS,2014.06,89904,,R,Number,0,Business Data Collection - BDC,Industry by employment variable,Filled jobs,"Agriculture, Forestry and Fishing",Seasonally adjusted,,
BDCQ.SEA1AS,2014.09,91095,,R,Number,0,Business Data Collection - BDC,Industry by employment variable,Filled jobs,"Agriculture, Forestry and Fishing",Seasonally adjusted,,
BDCQ.SEA1AS,2014.12,91047,,R,Number,0,Business Data Collection - BDC,Industry by employment variable,Filled jobs,"Agriculture, Forestry and Fishing",Seasonally adjusted,,
BDCQ.SEA1AS,2015.03,91526,,R,Number,0,Business Data Collection - BDC,Industry by employment variable,Filled jobs,"Agriculture, Forestry and Fishing",Seasonally adjusted,,
BDCQ.SEA1AS,2015.06,91997,,R,Number,0,Business Data Collection - BDC,Industry by employment variable,Filled jobs,"Agriculture, Forestry and Fishing",Seasonally adjusted,,
BDCQ.SEA1AS,2015.09,91322,,R,Number,0,Business Data Collection - BDC,Industry by employment variable,Filled jobs,"Agriculture, Forestry and Fishing",Seasonally adjusted,,
BDCQ.SEA1AS,2015.12,92595,,R,Number,0,Business Data Collection - BDC,Industry by employment variable,Filled jobs,"Agriculture, Forestry and Fishing",Seasonally adjusted,,
BDCQ.SEA1AS,2016.03,92684,,R,Number,0,Business Data Collection - BDC,Industry by employment variable,Filled jobs,"Agriculture, Forestry and Fishing",Seasonally adjusted,,
BDCQ.SEA1AS,2016.06,92635,,R,Number,0,Business Data Collection - BDC,Industry by employment variable,Filled jobs,"Agriculture, Forestry and Fishing",Seasonally adjusted,,
BDCQ.SEA1AS,2016.09,92965,,R,Number,0,Business Data Collection - BDC,Industry by employment variable,Filled jobs,"Agriculture, Forestry and Fishing",Seasonally adjusted,,
BDCQ.SEA1AS,2016.12,92116,,R,Number,0,Business Data Collection - BDC,Industry by employment variable,Filled jobs,"Agriculture, Forestry and Fishing",Seasonally adjusted,,
BDCQ.SEA1AS,2017.03,92626,,R,Number,0,Business Data Collection - BDC,Industry by employment variable,Filled jobs,"Agriculture, Forestry and Fishing",Seasonally adjusted,,
BDCQ.SEA1AS,2017.06,94391,,R,Number,0,Business Data Collection - BDC,Industry by employment variable,Filled jobs,"Agriculture, Forestry and Fishing",Seasonally adjusted,,
BDCQ.SEA1AS,2017.09,94238,,R,Number,0,Business Data Collection - BDC,Industry by employment variable,Filled jobs,"Agriculture, Forestry and Fishing",Seasonally adjusted,,
BDCQ.SEA1AS,2017.12,94209,,R,Number,0,Business Data Collection - BDC,Industry by employment variable,Filled jobs,"Agriculture, Forestry and Fishing",Seasonally adjusted,,
BDCQ.SEA1AS,2018.03,94960,,R,Number,0,Business Data Collection - BDC,Industry by employment variable,Filled jobs,"Agriculture, Forestry and Fishing",Seasonally adjusted,,
BDCQ.SEA1AS,2018.06,94581,,R,Number,0,Business Data Collection - BDC,Industry by employment variable,Filled jobs,"Agriculture, Forestry and Fishing",Seasonally adjusted,,
BDCQ.SEA1AS,2018.09,93980,,R,Number,0,Business Data Collection - BDC,Industry by employment variable,Filled jobs,"Agriculture, Forestry and Fishing",Seasonally adjusted,,
BDCQ.SEA1AS,2018.12,95271,,R,Number,0,Business Data Collection - BDC,Industry by employment variable,Filled jobs,"Agriculture, Forestry and Fishing",Seasonally adjusted,,
BDCQ.SEA1AS,2019.03,96189,,R,Number,0,Business Data Collection - BDC,Industry by employment variable,Filled jobs,"Agriculture, Forestry and Fishing",Seasonally adjusted,,
BDCQ.SEA1AS,2019.06,94580,,R,Number,0,Business Data Collection - BDC,Industry by employment variable,Filled jobs,"Agriculture, Forestry and Fishing",Seasonally adjusted,,
BDCQ.SEA1AS,2019.09,94984,,R,Number,0,Business Data Collection - BDC,Industry by employment variable,Filled jobs,"Agriculture, Forestry and Fishing",Seasonally adjusted,,
BDCQ.SEA1AS,2019.12,95288,,R,Number,0,Business Data Collection - BDC,Industry by employment variable,Filled jobs,"Agriculture, Forestry and Fishing",Seasonally adjusted,,
BDCQ.SEA1AS,2020.03,95635,,R,Number,0,Business Data Collection - BDC,Industry by employment variable,Filled jobs,"Agriculture, Forestry and Fishing",Seasonally adjusted,,
BDCQ.SEA1AS,2020.06,97002,,R,Number,0,Business Data Collection - BDC,Industry by employment variable,Filled jobs,"Agriculture, Forestry and Fishing",Seasonally adjusted,,
BDCQ.SEA1AS,2020.09,100296,,R,Number,0,Business Data Collection - BDC,Industry by employment variable,Filled jobs,"Agriculture, Forestry and Fishing",Seasonally adjusted,,
BDCQ.SEA1AS,2020.12,97156,,R,Number,0,Business Data Collection - BDC,Industry by employment variable,Filled jobs,"Agriculture, Forestry and Fishing",Seasonally adjusted,,
BDCQ.SEA1AS,2021.03,96483,,R,Number,0,Business Data Collection - BDC,Industry by employment variable,Filled jobs,"Agriculture, Forestry and Fishing",Seasonally adjusted,,
BDCQ.SEA1AS,2021.06,96590,,R,Number,0,Business Data Collection - BDC,Industry by employment variable,Filled jobs,"Agriculture, Forestry and Fishing",Seasonally adjusted,,
BDCQ.SEA1AS,2021.09,98388,,R,Number,0,Business Data Collection - BDC,Industry by employment variable,Filled jobs,"Agriculture, Forestry and Fishing",Seasonally adjusted,,
BDCQ.SEA1AS,2021.12,96818,,R,Number,0,Business Data Collection - BDC,Industry by employment variable,Filled jobs,"Agriculture, Forestry and Fishing",Seasonally adjusted,,
BDCQ.SEA1AS,2022.03,95832,,R,Number,0,Business Data Collection - BDC,Industry by employment variable,Filled jobs,"Agriculture, Forestry and Fishing",Seasonally adjusted,,
BDCQ.SEA1AS,2022.06,97642,,R,Number,0,Business Data Collection - BDC,Industry by employment variable,Filled jobs,"Agriculture, Forestry and Fishing",Seasonally adjusted,,
BDCQ.SEA1AS,2022.09,97354,,F,Number,0,Business Data Collection - BDC,Industry by employment variable,Filled jobs,"Agriculture, Forestry and Fishing",Seasonally adjusted,,
BDCQ.SEA1AT,2011.06,,,C,Number,0,Business Data Collection - BDC,Industry by employment variable,Filled jobs,"Agriculture, Forestry and Fishing",Trend,,
BDCQ.SEA1AT,2011.09,,,C,Number,0,Business Data Collection - BDC,Industry by employment variable,Filled jobs,"Agriculture, Forestry and Fishing",Trend,,
BDCQ.SEA1AT,2011.12,,,C,Number,0,Business Data Collection - BDC,Industry by employment variable,Filled jobs,"Agriculture, Forestry and Fishing",Trend,,
BDCQ.SEA1AT,2012.03,,,C,Number,0,Business Data Collection - BDC,Industry by employment variable,Filled jobs,"Agriculture, Forestry and Fishing",Trend,,
BDCQ.SEA1AT,2012.06,,,C,Number,0,Business Data Collection - BDC,Industry by employment variable,Filled jobs,"Agriculture, Forestry and Fishing",Trend,,
BDCQ.SEA1AT,2012.09,,,C,Number,0,Business Data Collection - BDC,Industry by employment variable,Filled jobs,"Agriculture, Forestry and Fishing",Trend,,
BDCQ.SEA1AT,2012.12,,,C,Number,0,Business Data Collection - BDC,Industry by employment variable,Filled jobs,"Agriculture, Forestry and Fishing",Trend,,
BDCQ.SEA1AT,2013.03,,,C,Number,0,Business Data Collection - BDC,Industry by employment variable,Filled jobs,"Agriculture, Forestry and Fishing",Trend,,
BDCQ.SEA1AT,2013.06,,,C,Number,0,Business Data Collection - BDC,Industry by employment variable,Filled jobs,"Agriculture, Forestry and Fishing",Trend,,
BDCQ.SEA1AT,2013.09,,,C,Number,0,Business Data Collection - BDC,Industry by employment variable,Filled jobs,"Agriculture, Forestry and Fishing",Trend,,
BDCQ.SEA1AT,2013.12,,,C,Number,0,Business Data Collection - BDC,Industry by employment variable,Filled jobs,"Agriculture, Forestry and Fishing",Trend,,
BDCQ.SEA1AT,2014.03,,,C,Number,0,Business Data Collection - BDC,Industry by employment variable,Filled jobs,"Agriculture, Forestry and Fishing",Trend,,
BDCQ.SEA1AT,2014.06,,,C,Number,0,Business Data Collection - BDC,Industry by employment variable,Filled jobs,"Agriculture, Forestry and Fishing",Trend,,
BDCQ.SEA1AT,2014.09,,,C,Number,0,Business Data Collection - BDC,Industry by employment variable,Filled jobs,"Agriculture, Forestry and Fishing",Trend,,
BDCQ.SEA1AT,2014.12,,,C,Number,0,Business Data Collection - BDC,Industry by employment variable,Filled jobs,"Agriculture, Forestry and Fishing",Trend,,
BDCQ.SEA1AT,2015.03,,,C,Number,0,Business Data Collection - BDC,Industry by employment variable,Filled jobs,"Agriculture, Forestry and Fishing",Trend,,
BDCQ.SEA1AT,2015.06,,,C,Number,0,Business Data Collection - BDC,Industry by employment variable,Filled jobs,"Agriculture, Forestry and Fishing",Trend,,
BDCQ.SEA1AT,2015.09,,,C,Number,0,Business Data Collection - BDC,Industry by employment variable,Filled jobs,"Agriculture, Forestry and Fishing",Trend,,
BDCQ.SEA1AT,2015.12,,,C,Number,0,Business Data Collection - BDC,Industry by employment variable,Filled jobs,"Agriculture, Forestry and Fishing",Trend,,
BDCQ.SEA1AT,2016.03,,,C,Number,0,Business Data Collection - BDC,Industry by employment variable,Filled jobs,"Agriculture, Forestry and Fishing",Trend,,
BDCQ.SEA1AT,2016.06,,,C,Number,0,Business Data Collection - BDC,Industry by employment variable,Filled jobs,"Agriculture, Forestry and Fishing",Trend,,
BDCQ.SEA1AT,2016.09,,,C,Number,0,Business Data Collection - BDC,Industry by employment variable,Filled jobs,"Agriculture, Forestry and Fishing",Trend,,
BDCQ.SEA1AT,2016.12,,,C,Number,0,Business Data Collection - BDC,Industry by employment variable,Filled jobs,"Agriculture, Forestry and Fishing",Trend,,
BDCQ.SEA1AT,2017.03,,,C,Number,0,Business Data Collection - BDC,Industry by employment variable,Filled jobs,"Agriculture, Forestry and Fishing",Trend,,
BDCQ.SEA1AT,2017.06,,,C,Number,0,Business Data Collection - BDC,Industry by employment variable,Filled jobs,"Agriculture, Forestry and Fishing",Trend,,
BDCQ.SEA1AT,2017.09,,,C,Number,0,Business Data Collection - BDC,Industry by employment variable,Filled jobs,"Agriculture, Forestry and Fishing",Trend,,
BDCQ.SEA1AT,2017.12,,,C,Number,0,Business Data Collection - BDC,Industry by employment variable,Filled jobs,"Agriculture, Forestry and Fishing",Trend,,
BDCQ.SEA1AT,2018.03,,,C,Number,0,Business Data Collection - BDC,Industry by employment variable,Filled jobs,"Agriculture, Forestry and Fishing",Trend,,
BDCQ.SEA1AT,2018.06,,,C,Number,0,Business Data Collection - BDC,Industry by employment variable,Filled jobs,"Agriculture, Forestry and Fishing",Trend,,
BDCQ.SEA1AT,2018.09,,,C,Number,0,Business Data Collection - BDC,Industry by employment variable,Filled jobs,"Agriculture, Forestry and Fishing",Trend,,
BDCQ.SEA1AT,2018.12,,,C,Number,0,Business Data Collection - BDC,Industry by employment variable,Filled jobs,"Agriculture, Forestry and Fishing",Trend,,
BDCQ.SEA1AT,2019.03,,,C,Number,0,Business Data Collection - BDC,Industry by employment variable,Filled jobs,"Agriculture, Forestry and Fishing",Trend,,
BDCQ.SEA1AT,2019.06,,,C,Number,0,Business Data Collection - BDC,Industry by employment variable,Filled jobs,"Agriculture, Forestry and Fishing",Trend,,
BDCQ.SEA1AT,2019.09,,,C,Number,0,Business Data Collection - BDC,Industry by employment variable,Filled jobs,"Agriculture, Forestry and Fishing",Trend,,
BDCQ.SEA1AT,2019.12,,,C,Number,0,Business Data Collection - BDC,Industry by employment variable,Filled jobs,"Agriculture, Forestry and Fishing",Trend,,
BDCQ.SEA1AT,2020.03,,,C,Number,0,Business Data Collection - BDC,Industry by employment variable,Filled jobs,"Agriculture, Forestry and Fishing",Trend,,
BDCQ.SEA1AT,2020.06,,,C,Number,0,Business Data Collection - BDC,Industry by employment variable,Filled jobs,"Agriculture, Forestry and Fishing",Trend,,
BDCQ.SEA1AT,2020.09,,,C,Number,0,Business Data Collection - BDC,Industry by employment variable,Filled jobs,"Agriculture, Forestry and Fishing",Trend,,
BDCQ.SEA1AT,2020.12,,,C,Number,0,Business Data Collection - BDC,Industry by employment variable,Filled jobs,"Agriculture, Forestry and Fishing",Trend,,
BDCQ.SEA1AT,2021.03,,,C,Number,0,Business Data Collection - BDC,Industry by employment variable,Filled jobs,"Agriculture, Forestry and Fishing",Trend,,
BDCQ.SEA1AT,2021.06,,,C,Number,0,Business Data Collection - BDC,Industry by employment variable,Filled jobs,"Agriculture, Forestry and Fishing",Trend,,
BDCQ.SEA1AT,2021.09,,,C,Number,0,Business Data Collection - BDC,Industry by employment variable,Filled jobs,"Agriculture, Forestry and Fishing",Trend,,
BDCQ.SEA1AT,2021.12,,,C,Number,0,Business Data Collection - BDC,Industry by employment variable,Filled jobs,"Agriculture, Forestry and Fishing",Trend,,
BDCQ.SEA1AT,2022.03,,,C,Number,0,Business Data Collection - BDC,Industry by employment variable,Filled jobs,"Agriculture, Forestry and Fishing",Trend,,
BDCQ.SEA1AT,2022.06,,,C,Number,0,Business Data Collection - BDC,Industry by employment variable,Filled jobs,"Agriculture, Forestry and Fishing",Trend,,
BDCQ.SEA1AT,2022.09,,,C,Number,0,Business Data Collection - BDC,Industry by employment variable,Filled jobs,"Agriculture, Forestry and Fishing",Trend,,
BDCQ.SEA1BA,2011.06,5234,,F,Number,0,Business Data Collection - BDC,Industry by employment variable,Filled jobs,Mining,Actual,,
BDCQ.SEA1BA,2011.09,5268,,F,Number,0,Business Data Collection - BDC,Industry by employment variable,Filled jobs,Mining,Actual,,
BDCQ.SEA1BA,2011.12,5499,,F,Number,0,Business Data Collection - BDC,Industry by employment variable,Filled jobs,Mining,Actual,,
BDCQ.SEA1BA,2012.03,5811,,F,Number,0,Business Data Collection - BDC,Industry by employment variable,Filled jobs,Mining,Actual,,
BDCQ.SEA1BA,2012.06,5847,,F,Number,0,Business Data Collection - BDC,Industry by employment variable,Filled jobs,Mining,Actual,,
BDCQ.SEA1BA,2012.09,5922,,F,Number,0,Business Data Collection - BDC,Industry by employment variable,Filled jobs,Mining,Actual,,
BDCQ.SEA1BA,2012.12,5722,,F,Number,0,Business Data Collection - BDC,Industry by employment variable,Filled jobs,Mining,Actual,,
BDCQ.SEA1BA,2013.03,5487,,F,Number,0,Business Data Collection - BDC,Industry by employment variable,Filled jobs,Mining,Actual,,
BDCQ.SEA1BA,2013.06,5506,,F,Number,0,Business Data Collection - BDC,Industry by employment variable,Filled jobs,Mining,Actual,,
BDCQ.SEA1BA,2013.09,5540,,F,Number,0,Business Data Collection - BDC,Industry by employment variable,Filled jobs,Mining,Actual,,
BDCQ.SEA1BA,2013.12,5492,,F,Number,0,Business Data Collection - BDC,Industry by employment variable,Filled jobs,Mining,Actual,,
BDCQ.SEA1BA,2014.03,6004,,F,Number,0,Business Data Collection - BDC,Industry by employment variable,Filled jobs,Mining,Actual,,
BDCQ.SEA1BA,2014.06,5886,,F,Number,0,Business Data Collection - BDC,Industry by employment variable,Filled jobs,Mining,Actual,,
BDCQ.SEA1BA,2014.09,5815,,F,Number,0,Business Data Collection - BDC,Industry by employment variable,Filled jobs,Mining,Actual,,
BDCQ.SEA1BA,2014.12,5592,,F,Number,0,Business Data Collection - BDC,Industry by employment variable,Filled jobs,Mining,Actual,,
BDCQ.SEA1BA,2015.03,5300,,F,Number,0,Business Data Collection - BDC,Industry by employment variable,Filled jobs,Mining,Actual,,
BDCQ.SEA1BA,2015.06,5422,,F,Number,0,Business Data Collection - BDC,Industry by employment variable,Filled jobs,Mining,Actual,,
BDCQ.SEA1BA,2015.09,5199,,F,Number,0,Business Data Collection - BDC,Industry by employment variable,Filled jobs,Mining,Actual,,
BDCQ.SEA1BA,2015.12,5060,,F,Number,0,Business Data Collection - BDC,Industry by employment variable,Filled jobs,Mining,Actual,,
BDCQ.SEA1BA,2016.03,5194,,F,Number,0,Business Data Collection - BDC,Industry by employment variable,Filled jobs,Mining,Actual,,
BDCQ.SEA1BA,2016.06,5080,,F,Number,0,Business Data Collection - BDC,Industry by employment variable,Filled jobs,Mining,Actual,,
BDCQ.SEA1BA,2016.09,5129,,F,Number,0,Business Data Collection - BDC,Industry by employment variable,Filled jobs,Mining,Actual,,
BDCQ.SEA1BA,2016.12,5157,,F,Number,0,Business Data Collection - BDC,Industry by employment variable,Filled jobs,Mining,Actual,,
BDCQ.SEA1BA,2017.03,5264,,F,Number,0,Business Data Collection - BDC,Industry by employment variable,Filled jobs,Mining,Actual,,
BDCQ.SEA1BA,2017.06,5164,,F,Number,0,Business Data Collection - BDC,Industry by employment variable,Filled jobs,Mining,Actual,,
BDCQ.SEA1BA,2017.09,5208,,F,Number,0,Business Data Collection - BDC,Industry by employment variable,Filled jobs,Mining,Actual,,
BDCQ.SEA1BA,2017.12,5381,,F,Number,0,Business Data Collection - BDC,Industry by employment variable,Filled jobs,Mining,Actual,,
BDCQ.SEA1BA,2018.03,5370,,F,Number,0,Business Data Collection - BDC,Industry by employment variable,Filled jobs,Mining,Actual,,
BDCQ.SEA1BA,2018.06,5385,,F,Number,0,Business Data Collection - BDC,Industry by employment variable,Filled jobs,Mining,Actual,,
BDCQ.SEA1BA,2018.09,5461,,F,Number,0,Business Data Collection - BDC,Industry by employment variable,Filled jobs,Mining,Actual,,
BDCQ.SEA1BA,2018.12,5434,,F,Number,0,Business Data Collection - BDC,Industry by employment variable,Filled jobs,Mining,Actual,,
BDCQ.SEA1BA,2019.03,5437,,F,Number,0,Business Data Collection - BDC,Industry by employment variable,Filled jobs,Mining,Actual,,
BDCQ.SEA1BA,2019.06,5068,,F,Number,0,Business Data Collection - BDC,Industry by employment variable,Filled jobs,Mining,Actual,,
BDCQ.SEA1BA,2019.09,5370,,F,Number,0,Business Data Collection - BDC,Industry by employment variable,Filled jobs,Mining,Actual,,
BDCQ.SEA1BA,2019.12,5165,,F,Number,0,Business Data Collection - BDC,Industry by employment variable,Filled jobs,Mining,Actual,,
BDCQ.SEA1BA,2020.03,5267,,F,Number,0,Business Data Collection - BDC,Industry by employment variable,Filled jobs,Mining,Actual,,
BDCQ.SEA1BA,2020.06,5245,,F,Number,0,Business Data Collection - BDC,Industry by employment variable,Filled jobs,Mining,Actual,,
BDCQ.SEA1BA,2020.09,5340,,F,Number,0,Business Data Collection - BDC,Industry by employment variable,Filled jobs,Mining,Actual,,
BDCQ.SEA1BA,2020.12,5271,,F,Number,0,Business Data Collection - BDC,Industry by employment variable,Filled jobs,Mining,Actual,,
BDCQ.SEA1BA,2021.03,5393,,F,Number,0,Business Data Collection - BDC,Industry by employment variable,Filled jobs,Mining,Actual,,
BDCQ.SEA1BA,2021.06,5351,,F,Number,0,Business Data Collection - BDC,Industry by employment variable,Filled jobs,Mining,Actual,,
BDCQ.SEA1BA,2021.09,5354,,F,Number,0,Business Data Collection - BDC,Industry by employment variable,Filled jobs,Mining,Actual,,
BDCQ.SEA1BA,2021.12,5407,,F,Number,0,Business Data Collection - BDC,Industry by employment variable,Filled jobs,Mining,Actual,,
BDCQ.SEA1BA,2022.03,5400,,F,Number,0,Business Data Collection - BDC,Industry by employment variable,Filled jobs,Mining,Actual,,
BDCQ.SEA1BA,2022.06,5553,,F,Number,0,Business Data Collection - BDC,Industry by employment variable,Filled jobs,Mining,Actual,,
BDCQ.SEA1BA,2022.09,5475,,F,Number,0,Business Data Collection - BDC,Industry by employment variable,Filled jobs,Mining,Actual,,
BDCQ.SEA1BS,2011.06,5234,,R,Number,0,Business Data Collection - BDC,Industry by employment variable,Filled jobs,Mining,Seasonally adjusted,,
BDCQ.SEA1BS,2011.09,5268,,R,Number,0,Business Data Collection - BDC,Industry by employment variable,Filled jobs,Mining,Seasonally adjusted,,
BDCQ.SEA1BS,2011.12,5499,,R,Number,0,Business Data Collection - BDC,Industry by employment variable,Filled jobs,Mining,Seasonally adjusted,,
BDCQ.SEA1BS,2012.03,5811,,R,Number,0,Business Data Collection - BDC,Industry by employment variable,Filled jobs,Mining,Seasonally adjusted,,
BDCQ.SEA1BS,2012.06,5847,,R,Number,0,Business Data Collection - BDC,Industry by employment variable,Filled jobs,Mining,Seasonally adjusted,,
BDCQ.SEA1BS,2012.09,5922,,R,Number,0,Business Data Collection - BDC,Industry by employment variable,Filled jobs,Mining,Seasonally adjusted,,
BDCQ.SEA1BS,2012.12,5722,,R,Number,0,Business Data Collection - BDC,Industry by employment variable,Filled jobs,Mining,Seasonally adjusted,,
BDCQ.SEA1BS,2013.03,5487,,R,Number,0,Business Data Collection - BDC,Industry by employment variable,Filled jobs,Mining,Seasonally adjusted,,
BDCQ.SEA1BS,2013.06,5506,,R,Number,0,Business Data Collection - BDC,Industry by employment variable,Filled jobs,Mining,Seasonally adjusted,,
BDCQ.SEA1BS,2013.09,5540,,R,Number,0,Business Data Collection - BDC,Industry by employment variable,Filled jobs,Mining,Seasonally adjusted,,
BDCQ.SEA1BS,2013.12,5492,,R,Number,0,Business Data Collection - BDC,Industry by employment variable,Filled jobs,Mining,Seasonally adjusted,,
BDCQ.SEA1BS,2014.03,6004,,R,Number,0,Business Data Collection - BDC,Industry by employment variable,Filled jobs,Mining,Seasonally adjusted,,
BDCQ.SEA1BS,2014.06,5886,,R,Number,0,Business Data Collection - BDC,Industry by employment variable,Filled jobs,Mining,Seasonally adjusted,,
BDCQ.SEA1BS,2014.09,5815,,R,Number,0,Business Data Collection - BDC,Industry by employment variable,Filled jobs,Mining,Seasonally adjusted,,
BDCQ.SEA1BS,2014.12,5592,,R,Number,0,Business Data Collection - BDC,Industry by employment variable,Filled jobs,Mining,Seasonally adjusted,,
BDCQ.SEA1BS,2015.03,5300,,R,Number,0,Business Data Collection - BDC,Industry by employment variable,Filled jobs,Mining,Seasonally adjusted,,
BDCQ.SEA1BS,2015.06,5422,,R,Number,0,Business Data Collection - BDC,Industry by employment variable,Filled jobs,Mining,Seasonally adjusted,,
BDCQ.SEA1BS,2015.09,5199,,R,Number,0,Business Data Collection - BDC,Industry by employment variable,Filled jobs,Mining,Seasonally adjusted,,
BDCQ.SEA1BS,2015.12,5060,,R,Number,0,Business Data Collection - BDC,Industry by employment variable,Filled jobs,Mining,Seasonally adjusted,,
BDCQ.SEA1BS,2016.03,5194,,R,Number,0,Business Data Collection - BDC,Industry by employment variable,Filled jobs,Mining,Seasonally adjusted,,
BDCQ.SEA1BS,2016.06,5080,,R,Number,0,Business Data Collection - BDC,Industry by employment variable,Filled jobs,Mining,Seasonally adjusted,,
BDCQ.SEA1BS,2016.09,5129,,R,Number,0,Business Data Collection - BDC,Industry by employment variable,Filled jobs,Mining,Seasonally adjusted,,
BDCQ.SEA1BS,2016.12,5157,,R,Number,0,Business Data Collection - BDC,Industry by employment variable,Filled jobs,Mining,Seasonally adjusted,,
BDCQ.SEA1BS,2017.03,5264,,R,Number,0,Business Data Collection - BDC,Industry by employment variable,Filled jobs,Mining,Seasonally adjusted,,
BDCQ.SEA1BS,2017.06,5164,,R,Number,0,Business Data Collection - BDC,Industry by employment variable,Filled jobs,Mining,Seasonally adjusted,,
BDCQ.SEA1BS,2017.09,5208,,R,Number,0,Business Data Collection - BDC,Industry by employment variable,Filled jobs,Mining,Seasonally adjusted,,
BDCQ.SEA1BS,2017.12,5381,,R,Number,0,Business Data Collection - BDC,Industry by employment variable,Filled jobs,Mining,Seasonally adjusted,,
BDCQ.SEA1BS,2018.03,5370,,R,Number,0,Business Data Collection - BDC,Industry by employment variable,Filled jobs,Mining,Seasonally adjusted,,
BDCQ.SEA1BS,2018.06,5385,,R,Number,0,Business Data Collection - BDC,Industry by employment variable,Filled jobs,Mining,Seasonally adjusted,,
BDCQ.SEA1BS,2018.09,5461,,R,Number,0,Business Data Collection - BDC,Industry by employment variable,Filled jobs,Mining,Seasonally adjusted,,
BDCQ.SEA1BS,2018.12,5434,,R,Number,0,Business Data Collection - BDC,Industry by employment variable,Filled jobs,Mining,Seasonally adjusted,,
BDCQ.SEA1BS,2019.03,5437,,R,Number,0,Business Data Collection - BDC,Industry by employment variable,Filled jobs,Mining,Seasonally adjusted,,
BDCQ.SEA1BS,2019.06,5068,,R,Number,0,Business Data Collection - BDC,Industry by employment variable,Filled jobs,Mining,Seasonally adjusted,,
BDCQ.SEA1BS,2019.09,5370,,R,Number,0,Business Data Collection - BDC,Industry by employment variable,Filled jobs,Mining,Seasonally adjusted,,
BDCQ.SEA1BS,2019.12,5165,,R,Number,0,Business Data Collection - BDC,Industry by employment variable,Filled jobs,Mining,Seasonally adjusted,,
BDCQ.SEA1BS,2020.03,5267,,R,Number,0,Business Data Collection - BDC,Industry by employment variable,Filled jobs,Mining,Seasonally adjusted,,
BDCQ.SEA1BS,2020.06,5245,,R,Number,0,Business Data Collection - BDC,Industry by employment variable,Filled jobs,Mining,Seasonally adjusted,,
BDCQ.SEA1BS,2020.09,5340,,R,Number,0,Business Data Collection - BDC,Industry by employment variable,Filled jobs,Mining,Seasonally adjusted,,
BDCQ.SEA1BS,2020.12,5271,,R,Number,0,Business Data Collection - BDC,Industry by employment variable,Filled jobs,Mining,Seasonally adjusted,,
BDCQ.SEA1BS,2021.03,5393,,R,Number,0,Business Data Collection - BDC,Industry by employment variable,Filled jobs,Mining,Seasonally adjusted,,
BDCQ.SEA1BS,2021.06,5351,,R,Number,0,Business Data Collection - BDC,Industry by employment variable,Filled jobs,Mining,Seasonally adjusted,,
BDCQ.SEA1BS,2021.09,5354,,R,Number,0,Business Data Collection - BDC,Industry by employment variable,Filled jobs,Mining,Seasonally adjusted,,
BDCQ.SEA1BS,2021.12,5407,,R,Number,0,Business Data Collection - BDC,Industry by employment variable,Filled jobs,Mining,Seasonally adjusted,,
BDCQ.SEA1BS,2022.03,5400,,R,Number,0,Business Data Collection - BDC,Industry by employment variable,Filled jobs,Mining,Seasonally adjusted,,
BDCQ.SEA1BS,2022.06,5553,,R,Number,0,Business Data Collection - BDC,Industry by employment variable,Filled jobs,Mining,Seasonally adjusted,,
BDCQ.SEA1BS,2022.09,5475,,F,Number,0,Business Data Collection - BDC,Industry by employment variable,Filled jobs,Mining,Seasonally adjusted,,
BDCQ.SEA1BT,2011.06,,,C,Number,0,Business Data Collection - BDC,Industry by employment variable,Filled jobs,Mining,Trend,,
BDCQ.SEA1BT,2011.09,,,C,Number,0,Business Data Collection - BDC,Industry by employment variable,Filled jobs,Mining,Trend,,
BDCQ.SEA1BT,2011.12,,,C,Number,0,Business Data Collection - BDC,Industry by employment variable,Filled jobs,Mining,Trend,,
BDCQ.SEA1BT,2012.03,,,C,Number,0,Business Data Collection - BDC,Industry by employment variable,Filled jobs,Mining,Trend,,
BDCQ.SEA1BT,2012.06,,,C,Number,0,Business Data Collection - BDC,Industry by employment variable,Filled jobs,Mining,Trend,,
BDCQ.SEA1BT,2012.09,,,C,Number,0,Business Data Collection - BDC,Industry by employment variable,Filled jobs,Mining,Trend,,
BDCQ.SEA1BT,2012.12,,,C,Number,0,Business Data Collection - BDC,Industry by employment variable,Filled jobs,Mining,Trend,,
BDCQ.SEA1BT,2013.03,,,C,Number,0,Business Data Collection - BDC,Industry by employment variable,Filled jobs,Mining,Trend,,
BDCQ.SEA1BT,2013.06,,,C,Number,0,Business Data Collection - BDC,Industry by employment variable,Filled jobs,Mining,Trend,,
BDCQ.SEA1BT,2013.09,,,C,Number,0,Business Data Collection - BDC,Industry by employment variable,Filled jobs,Mining,Trend,,
BDCQ.SEA1BT,2013.12,,,C,Number,0,Business Data Collection - BDC,Industry by employment variable,Filled jobs,Mining,Trend,,
BDCQ.SEA1BT,2014.03,,,C,Number,0,Business Data Collection - BDC,Industry by employment variable,Filled jobs,Mining,Trend,,
BDCQ.SEA1BT,2014.06,,,C,Number,0,Business Data Collection - BDC,Industry by employment variable,Filled jobs,Mining,Trend,,
BDCQ.SEA1BT,2014.09,,,C,Number,0,Business Data Collection - BDC,Industry by employment variable,Filled jobs,Mining,Trend,,
BDCQ.SEA1BT,2014.12,,,C,Number,0,Business Data Collection - BDC,Industry by employment variable,Filled jobs,Mining,Trend,,
BDCQ.SEA1BT,2015.03,,,C,Number,0,Business Data Collection - BDC,Industry by employment variable,Filled jobs,Mining,Trend,,
BDCQ.SEA1BT,2015.06,,,C,Number,0,Business Data Collection - BDC,Industry by employment variable,Filled jobs,Mining,Trend,,
BDCQ.SEA1BT,2015.09,,,C,Number,0,Business Data Collection - BDC,Industry by employment variable,Filled jobs,Mining,Trend,,
BDCQ.SEA1BT,2015.12,,,C,Number,0,Business Data Collection - BDC,Industry by employment variable,Filled jobs,Mining,Trend,,
BDCQ.SEA1BT,2016.03,,,C,Number,0,Business Data Collection - BDC,Industry by employment variable,Filled jobs,Mining,Trend,,
BDCQ.SEA1BT,2016.06,,,C,Number,0,Business Data Collection - BDC,Industry by employment variable,Filled jobs,Mining,Trend,,
BDCQ.SEA1BT,2016.09,,,C,Number,0,Business Data Collection - BDC,Industry by employment variable,Filled jobs,Mining,Trend,,
BDCQ.SEA1BT,2016.12,,,C,Number,0,Business Data Collection - BDC,Industry by employment variable,Filled jobs,Mining,Trend,,
BDCQ.SEA1BT,2017.03,,,C,Number,0,Business Data Collection - BDC,Industry by employment variable,Filled jobs,Mining,Trend,,
BDCQ.SEA1BT,2017.06,,,C,Number,0,Business Data Collection - BDC,Industry by employment variable,Filled jobs,Mining,Trend,,
BDCQ.SEA1BT,2017.09,,,C,Number,0,Business Data Collection - BDC,Industry by employment variable,Filled jobs,Mining,Trend,,
BDCQ.SEA1BT,2017.12,,,C,Number,0,Business Data Collection - BDC,Industry by employment variable,Filled jobs,Mining,Trend,,
BDCQ.SEA1BT,2018.03,,,C,Number,0,Business Data Collection - BDC,Industry by employment variable,Filled jobs,Mining,Trend,,
BDCQ.SEA1BT,2018.06,,,C,Number,0,Business Data Collection - BDC,Industry by employment variable,Filled jobs,Mining,Trend,,
BDCQ.SEA1BT,2018.09,,,C,Number,0,Business Data Collection - BDC,Industry by employment variable,Filled jobs,Mining,Trend,,
BDCQ.SEA1BT,2018.12,,,C,Number,0,Business Data Collection - BDC,Industry by employment variable,Filled jobs,Mining,Trend,,
BDCQ.SEA1BT,2019.03,,,C,Number,0,Business Data Collection - BDC,Industry by employment variable,Filled jobs,Mining,Trend,,
BDCQ.SEA1BT,2019.06,,,C,Number,0,Business Data Collection - BDC,Industry by employment variable,Filled jobs,Mining,Trend,,
BDCQ.SEA1BT,2019.09,,,C,Number,0,Business Data Collection - BDC,Industry by employment variable,Filled jobs,Mining,Trend,,
BDCQ.SEA1BT,2019.12,,,C,Number,0,Business Data Collection - BDC,Industry by employment variable,Filled jobs,Mining,Trend,,
BDCQ.SEA1BT,2020.03,,,C,Number,0,Business Data Collection - BDC,Industry by employment variable,Filled jobs,Mining,Trend,,
BDCQ.SEA1BT,2020.06,,,C,Number,0,Business Data Collection - BDC,Industry by employment variable,Filled jobs,Mining,Trend,,
BDCQ.SEA1BT,2020.09,,,C,Number,0,Business Data Collection - BDC,Industry by employment variable,Filled jobs,Mining,Trend,,
BDCQ.SEA1BT,2020.12,,,C,Number,0,Business Data Collection - BDC,Industry by employment variable,Filled jobs,Mining,Trend,,
BDCQ.SEA1BT,2021.03,,,C,Number,0,Business Data Collection - BDC,Industry by employment variable,Filled jobs,Mining,Trend,,
BDCQ.SEA1BT,2021.06,,,C,Number,0,Business Data Collection - BDC,Industry by employment variable,Filled jobs,Mining,Trend,,
BDCQ.SEA1BT,2021.09,,,C,Number,0,Business Data Collection - BDC,Industry by employment variable,Filled jobs,Mining,Trend,,
BDCQ.SEA1BT,2021.12,,,C,Number,0,Business Data Collection - BDC,Industry by employment variable,Filled jobs,Mining,Trend,,
BDCQ.SEA1BT,2022.03,,,C,Number,0,Business Data Collection - BDC,Industry by employment variable,Filled jobs,Mining,Trend,,
BDCQ.SEA1BT,2022.06,,,C,Number,0,Business Data Collection - BDC,Industry by employment variable,Filled jobs,Mining,Trend,,
BDCQ.SEA1BT,2022.09,,,C,Number,0,Business Data Collection - BDC,Industry by employment variable,Filled jobs,Mining,Trend,,
BDCQ.SEA1CA,2011.06,206633,,F,Number,0,Business Data Collection - BDC,Industry by employment variable,Filled jobs,Manufacturing,Actual,,
BDCQ.SEA1CA,2011.09,200677,,F,Number,0,Business Data Collection - BDC,Industry by employment variable,Filled jobs,Manufacturing,Actual,,
BDCQ.SEA1CA,2011.12,204217,,F,Number,0,Business Data Collection - BDC,Industry by employment variable,Filled jobs,Manufacturing,Actual,,
BDCQ.SEA1CA,2012.03,208617,,F,Number,0,Business Data Collection - BDC,Industry by employment variable,Filled jobs,Manufacturing,Actual,,
BDCQ.SEA1CA,2012.06,206645,,F,Number,0,Business Data Collection - BDC,Industry by employment variable,Filled jobs,Manufacturing,Actual,,
BDCQ.SEA1CA,2012.09,199425,,F,Number,0,Business Data Collection - BDC,Industry by employment variable,Filled jobs,Manufacturing,Actual,,
BDCQ.SEA1CA,2012.12,203691,,F,Number,0,Business Data Collection - BDC,Industry by employment variable,Filled jobs,Manufacturing,Actual,,
BDCQ.SEA1CA,2013.03,208709,,F,Number,0,Business Data Collection - BDC,Industry by employment variable,Filled jobs,Manufacturing,Actual,,
BDCQ.SEA1CA,2013.06,205207,,F,Number,0,Business Data Collection - BDC,Industry by employment variable,Filled jobs,Manufacturing,Actual,,
BDCQ.SEA1CA,2013.09,201457,,F,Number,0,Business Data Collection - BDC,Industry by employment variable,Filled jobs,Manufacturing,Actual,,
BDCQ.SEA1CA,2013.12,207492,,F,Number,0,Business Data Collection - BDC,Industry by employment variable,Filled jobs,Manufacturing,Actual,,
BDCQ.SEA1CA,2014.03,211991,,F,Number,0,Business Data Collection - BDC,Industry by employment variable,Filled jobs,Manufacturing,Actual,,
BDCQ.SEA1CA,2014.06,210124,,F,Number,0,Business Data Collection - BDC,Industry by employment variable,Filled jobs,Manufacturing,Actual,,
BDCQ.SEA1CA,2014.09,205440,,F,Number,0,Business Data Collection - BDC,Industry by employment variable,Filled jobs,Manufacturing,Actual,,
BDCQ.SEA1CA,2014.12,207594,,F,Number,0,Business Data Collection - BDC,Industry by employment variable,Filled jobs,Manufacturing,Actual,,
BDCQ.SEA1CA,2015.03,214158,,F,Number,0,Business Data Collection - BDC,Industry by employment variable,Filled jobs,Manufacturing,Actual,,
BDCQ.SEA1CA,2015.06,212246,,F,Number,0,Business Data Collection - BDC,Industry by employment variable,Filled jobs,Manufacturing,Actual,,
BDCQ.SEA1CA,2015.09,207462,,F,Number,0,Business Data Collection - BDC,Industry by employment variable,Filled jobs,Manufacturing,Actual,,
BDCQ.SEA1CA,2015.12,211402,,F,Number,0,Business Data Collection - BDC,Industry by employment variable,Filled jobs,Manufacturing,Actual,,
BDCQ.SEA1CA,2016.03,216597,,F,Number,0,Business Data Collection - BDC,Industry by employment variable,Filled jobs,Manufacturing,Actual,,
BDCQ.SEA1CA,2016.06,214710,,F,Number,0,Business Data Collection - BDC,Industry by employment variable,Filled jobs,Manufacturing,Actual,,
BDCQ.SEA1CA,2016.09,209854,,F,Number,0,Business Data Collection - BDC,Industry by employment variable,Filled jobs,Manufacturing,Actual,,
BDCQ.SEA1CA,2016.12,215317,,F,Number,0,Business Data Collection - BDC,Industry by employment variable,Filled jobs,Manufacturing,Actual,,
BDCQ.SEA1CA,2017.03,219090,,F,Number,0,Business Data Collection - BDC,Industry by employment variable,Filled jobs,Manufacturing,Actual,,
BDCQ.SEA1CA,2017.06,219130,,F,Number,0,Business Data Collection - BDC,Industry by employment variable,Filled jobs,Manufacturing,Actual,,
BDCQ.SEA1CA,2017.09,213648,,F,Number,0,Business Data Collection - BDC,Industry by employment variable,Filled jobs,Manufacturing,Actual,,
BDCQ.SEA1CA,2017.12,220066,,F,Number,0,Business Data Collection - BDC,Industry by employment variable,Filled jobs,Manufacturing,Actual,,
BDCQ.SEA1CA,2018.03,225445,,F,Number,0,Business Data Collection - BDC,Industry by employment variable,Filled jobs,Manufacturing,Actual,,
BDCQ.SEA1CA,2018.06,224308,,F,Number,0,Business Data Collection - BDC,Industry by employment variable,Filled jobs,Manufacturing,Actual,,
BDCQ.SEA1CA,2018.09,218059,,F,Number,0,Business Data Collection - BDC,Industry by employment variable,Filled jobs,Manufacturing,Actual,,
BDCQ.SEA1CA,2018.12,223667,,F,Number,0,Business Data Collection - BDC,Industry by employment variable,Filled jobs,Manufacturing,Actual,,
BDCQ.SEA1CA,2019.03,227931,,F,Number,0,Business Data Collection - BDC,Industry by employment variable,Filled jobs,Manufacturing,Actual,,
BDCQ.SEA1CA,2019.06,225492,,F,Number,0,Business Data Collection - BDC,Industry by employment variable,Filled jobs,Manufacturing,Actual,,
BDCQ.SEA1CA,2019.09,219991,,F,Number,0,Business Data Collection - BDC,Industry by employment variable,Filled jobs,Manufacturing,Actual,,
BDCQ.SEA1CA,2019.12,227095,,F,Number,0,Business Data Collection - BDC,Industry by employment variable,Filled jobs,Manufacturing,Actual,,
BDCQ.SEA1CA,2020.03,228672,,F,Number,0,Business Data Collection - BDC,Industry by employment variable,Filled jobs,Manufacturing,Actual,,
BDCQ.SEA1CA,2020.06,224825,,F,Number,0,Business Data Collection - BDC,Industry by employment variable,Filled jobs,Manufacturing,Actual,,
BDCQ.SEA1CA,2020.09,217139,,F,Number,0,Business Data Collection - BDC,Industry by employment variable,Filled jobs,Manufacturing,Actual,,
BDCQ.SEA1CA,2020.12,220395,,F,Number,0,Business Data Collection - BDC,Industry by employment variable,Filled jobs,Manufacturing,Actual,,
BDCQ.SEA1CA,2021.03,221520,,F,Number,0,Business Data Collection - BDC,Industry by employment variable,Filled jobs,Manufacturing,Actual,,
BDCQ.SEA1CA,2021.06,221060,,F,Number,0,Business Data Collection - BDC,Industry by employment variable,Filled jobs,Manufacturing,Actual,,
BDCQ.SEA1CA,2021.09,218962,,F,Number,0,Business Data Collection - BDC,Industry by employment variable,Filled jobs,Manufacturing,Actual,,
BDCQ.SEA1CA,2021.12,223229,,F,Number,0,Business Data Collection - BDC,Industry by employment variable,Filled jobs,Manufacturing,Actual,,
BDCQ.SEA1CA,2022.03,226092,,F,Number,0,Business Data Collection - BDC,Industry by employment variable,Filled jobs,Manufacturing,Actual,,
BDCQ.SEA1CA,2022.06,224408,,F,Number,0,Business Data Collection - BDC,Industry by employment variable,Filled jobs,Manufacturing,Actual,,
BDCQ.SEA1CA,2022.09,223123,,F,Number,0,Business Data Collection - BDC,Industry by employment variable,Filled jobs,Manufacturing,Actual,,
BDCQ.SEA1CS,2011.06,205550,,R,Number,0,Business Data Collection - BDC,Industry by employment variable,Filled jobs,Manufacturing,Seasonally adjusted,,
BDCQ.SEA1CS,2011.09,205223,,R,Number,0,Business Data Collection - BDC,Industry by employment variable,Filled jobs,Manufacturing,Seasonally adjusted,,
BDCQ.SEA1CS,2011.12,204626,,R,Number,0,Business Data Collection - BDC,Industry by employment variable,Filled jobs,Manufacturing,Seasonally adjusted,,
BDCQ.SEA1CS,2012.03,204756,,R,Number,0,Business Data Collection - BDC,Industry by employment variable,Filled jobs,Manufacturing,Seasonally adjusted,,
BDCQ.SEA1CS,2012.06,205578,,R,Number,0,Business Data Collection - BDC,Industry by employment variable,Filled jobs,Manufacturing,Seasonally adjusted,,
BDCQ.SEA1CS,2012.09,203882,,R,Number,0,Business Data Collection - BDC,Industry by employment variable,Filled jobs,Manufacturing,Seasonally adjusted,,
BDCQ.SEA1CS,2012.12,204139,,R,Number,0,Business Data Collection - BDC,Industry by employment variable,Filled jobs,Manufacturing,Seasonally adjusted,,
BDCQ.SEA1CS,2013.03,204865,,R,Number,0,Business Data Collection - BDC,Industry by employment variable,Filled jobs,Manufacturing,Seasonally adjusted,,
BDCQ.SEA1CS,2013.06,204154,,R,Number,0,Business Data Collection - BDC,Industry by employment variable,Filled jobs,Manufacturing,Seasonally adjusted,,
BDCQ.SEA1CS,2013.09,205895,,R,Number,0,Business Data Collection - BDC,Industry by employment variable,Filled jobs,Manufacturing,Seasonally adjusted,,
BDCQ.SEA1CS,2013.12,207951,,R,Number,0,Business Data Collection - BDC,Industry by employment variable,Filled jobs,Manufacturing,Seasonally adjusted,,
BDCQ.SEA1CS,2014.03,208159,,R,Number,0,Business Data Collection - BDC,Industry by employment variable,Filled jobs,Manufacturing,Seasonally adjusted,,
BDCQ.SEA1CS,2014.06,209036,,R,Number,0,Business Data Collection - BDC,Industry by employment variable,Filled jobs,Manufacturing,Seasonally adjusted,,
BDCQ.SEA1CS,2014.09,209914,,R,Number,0,Business Data Collection - BDC,Industry by employment variable,Filled jobs,Manufacturing,Seasonally adjusted,,
BDCQ.SEA1CS,2014.12,208003,,R,Number,0,Business Data Collection - BDC,Industry by employment variable,Filled jobs,Manufacturing,Seasonally adjusted,,
BDCQ.SEA1CS,2015.03,210424,,R,Number,0,Business Data Collection - BDC,Industry by employment variable,Filled jobs,Manufacturing,Seasonally adjusted,,
BDCQ.SEA1CS,2015.06,211086,,R,Number,0,Business Data Collection - BDC,Industry by employment variable,Filled jobs,Manufacturing,Seasonally adjusted,,
BDCQ.SEA1CS,2015.09,211974,,R,Number,0,Business Data Collection - BDC,Industry by employment variable,Filled jobs,Manufacturing,Seasonally adjusted,,
BDCQ.SEA1CS,2015.12,211735,,R,Number,0,Business Data Collection - BDC,Industry by employment variable,Filled jobs,Manufacturing,Seasonally adjusted,,
BDCQ.SEA1CS,2016.03,212952,,R,Number,0,Business Data Collection - BDC,Industry by employment variable,Filled jobs,Manufacturing,Seasonally adjusted,,
BDCQ.SEA1CS,2016.06,213494,,R,Number,0,Business Data Collection - BDC,Industry by employment variable,Filled jobs,Manufacturing,Seasonally adjusted,,
BDCQ.SEA1CS,2016.09,214470,,R,Number,0,Business Data Collection - BDC,Industry by employment variable,Filled jobs,Manufacturing,Seasonally adjusted,,
BDCQ.SEA1CS,2016.12,215460,,R,Number,0,Business Data Collection - BDC,Industry by employment variable,Filled jobs,Manufacturing,Seasonally adjusted,,
BDCQ.SEA1CS,2017.03,215574,,R,Number,0,Business Data Collection - BDC,Industry by employment variable,Filled jobs,Manufacturing,Seasonally adjusted,,
BDCQ.SEA1CS,2017.06,217898,,R,Number,0,Business Data Collection - BDC,Industry by employment variable,Filled jobs,Manufacturing,Seasonally adjusted,,
BDCQ.SEA1CS,2017.09,218385,,R,Number,0,Business Data Collection - BDC,Industry by employment variable,Filled jobs,Manufacturing,Seasonally adjusted,,
BDCQ.SEA1CS,2017.12,219915,,R,Number,0,Business Data Collection - BDC,Industry by employment variable,Filled jobs,Manufacturing,Seasonally adjusted,,
BDCQ.SEA1CS,2018.03,222065,,R,Number,0,Business Data Collection - BDC,Industry by employment variable,Filled jobs,Manufacturing,Seasonally adjusted,,
BDCQ.SEA1CS,2018.06,223167,,R,Number,0,Business Data Collection - BDC,Industry by employment variable,Filled jobs,Manufacturing,Seasonally adjusted,,
BDCQ.SEA1CS,2018.09,222794,,R,Number,0,Business Data Collection - BDC,Industry by employment variable,Filled jobs,Manufacturing,Seasonally adjusted,,
BDCQ.SEA1CS,2018.12,223200,,R,Number,0,Business Data Collection - BDC,Industry by employment variable,Filled jobs,Manufacturing,Seasonally adjusted,,
BDCQ.SEA1CS,2019.03,224788,,R,Number,0,Business Data Collection - BDC,Industry by employment variable,Filled jobs,Manufacturing,Seasonally adjusted,,
BDCQ.SEA1CS,2019.06,224599,,R,Number,0,Business Data Collection - BDC,Industry by employment variable,Filled jobs,Manufacturing,Seasonally adjusted,,
BDCQ.SEA1CS,2019.09,224441,,R,Number,0,Business Data Collection - BDC,Industry by employment variable,Filled jobs,Manufacturing,Seasonally adjusted,,
BDCQ.SEA1CS,2019.12,226414,,R,Number,0,Business Data Collection - BDC,Industry by employment variable,Filled jobs,Manufacturing,Seasonally adjusted,,
BDCQ.SEA1CS,2020.03,225796,,R,Number,0,Business Data Collection - BDC,Industry by employment variable,Filled jobs,Manufacturing,Seasonally adjusted,,
BDCQ.SEA1CS,2020.06,224231,,R,Number,0,Business Data Collection - BDC,Industry by employment variable,Filled jobs,Manufacturing,Seasonally adjusted,,
BDCQ.SEA1CS,2020.09,221099,,R,Number,0,Business Data Collection - BDC,Industry by employment variable,Filled jobs,Manufacturing,Seasonally adjusted,,
BDCQ.SEA1CS,2020.12,219623,,R,Number,0,Business Data Collection - BDC,Industry by employment variable,Filled jobs,Manufacturing,Seasonally adjusted,,
BDCQ.SEA1CS,2021.03,218967,,R,Number,0,Business Data Collection - BDC,Industry by employment variable,Filled jobs,Manufacturing,Seasonally adjusted,,
BDCQ.SEA1CS,2021.06,220757,,R,Number,0,Business Data Collection - BDC,Industry by employment variable,Filled jobs,Manufacturing,Seasonally adjusted,,
BDCQ.SEA1CS,2021.09,222510,,R,Number,0,Business Data Collection - BDC,Industry by employment variable,Filled jobs,Manufacturing,Seasonally adjusted,,
BDCQ.SEA1CS,2021.12,222404,,R,Number,0,Business Data Collection - BDC,Industry by employment variable,Filled jobs,Manufacturing,Seasonally adjusted,,
BDCQ.SEA1CS,2022.03,223712,,R,Number,0,Business Data Collection - BDC,Industry by employment variable,Filled jobs,Manufacturing,Seasonally adjusted,,
BDCQ.SEA1CS,2022.06,224260,,R,Number,0,Business Data Collection - BDC,Industry by employment variable,Filled jobs,Manufacturing,Seasonally adjusted,,
BDCQ.SEA1CS,2022.09,226410,,F,Number,0,Business Data Collection - BDC,Industry by employment variable,Filled jobs,Manufacturing,Seasonally adjusted,,
BDCQ.SEA1CT,2011.06,,,C,Number,0,Business Data Collection - BDC,Industry by employment variable,Filled jobs,Manufacturing,Trend,,
BDCQ.SEA1CT,2011.09,,,C,Number,0,Business Data Collection - BDC,Industry by employment variable,Filled jobs,Manufacturing,Trend,,
BDCQ.SEA1CT,2011.12,,,C,Number,0,Business Data Collection - BDC,Industry by employment variable,Filled jobs,Manufacturing,Trend,,
BDCQ.SEA1CT,2012.03,,,C,Number,0,Business Data Collection - BDC,Industry by employment variable,Filled jobs,Manufacturing,Trend,,
BDCQ.SEA1CT,2012.06,,,C,Number,0,Business Data Collection - BDC,Industry by employment variable,Filled jobs,Manufacturing,Trend,,
BDCQ.SEA1CT,2012.09,,,C,Number,0,Business Data Collection - BDC,Industry by employment variable,Filled jobs,Manufacturing,Trend,,
BDCQ.SEA1CT,2012.12,,,C,Number,0,Business Data Collection - BDC,Industry by employment variable,Filled jobs,Manufacturing,Trend,,
BDCQ.SEA1CT,2013.03,,,C,Number,0,Business Data Collection - BDC,Industry by employment variable,Filled jobs,Manufacturing,Trend,,
BDCQ.SEA1CT,2013.06,,,C,Number,0,Business Data Collection - BDC,Industry by employment variable,Filled jobs,Manufacturing,Trend,,
BDCQ.SEA1CT,2013.09,,,C,Number,0,Business Data Collection - BDC,Industry by employment variable,Filled jobs,Manufacturing,Trend,,
BDCQ.SEA1CT,2013.12,,,C,Number,0,Business Data Collection - BDC,Industry by employment variable,Filled jobs,Manufacturing,Trend,,
BDCQ.SEA1CT,2014.03,,,C,Number,0,Business Data Collection - BDC,Industry by employment variable,Filled jobs,Manufacturing,Trend,,
BDCQ.SEA1CT,2014.06,,,C,Number,0,Business Data Collection - BDC,Industry by employment variable,Filled jobs,Manufacturing,Trend,,
BDCQ.SEA1CT,2014.09,,,C,Number,0,Business Data Collection - BDC,Industry by employment variable,Filled jobs,Manufacturing,Trend,,
BDCQ.SEA1CT,2014.12,,,C,Number,0,Business Data Collection - BDC,Industry by employment variable,Filled jobs,Manufacturing,Trend,,
BDCQ.SEA1CT,2015.03,,,C,Number,0,Business Data Collection - BDC,Industry by employment variable,Filled jobs,Manufacturing,Trend,,
BDCQ.SEA1CT,2015.06,,,C,Number,0,Business Data Collection - BDC,Industry by employment variable,Filled jobs,Manufacturing,Trend,,
BDCQ.SEA1CT,2015.09,,,C,Number,0,Business Data Collection - BDC,Industry by employment variable,Filled jobs,Manufacturing,Trend,,
BDCQ.SEA1CT,2015.12,,,C,Number,0,Business Data Collection - BDC,Industry by employment variable,Filled jobs,Manufacturing,Trend,,
BDCQ.SEA1CT,2016.03,,,C,Number,0,Business Data Collection - BDC,Industry by employment variable,Filled jobs,Manufacturing,Trend,,
BDCQ.SEA1CT,2016.06,,,C,Number,0,Business Data Collection - BDC,Industry by employment variable,Filled jobs,Manufacturing,Trend,,
BDCQ.SEA1CT,2016.09,,,C,Number,0,Business Data Collection - BDC,Industry by employment variable,Filled jobs,Manufacturing,Trend,,
BDCQ.SEA1CT,2016.12,,,C,Number,0,Business Data Collection - BDC,Industry by employment variable,Filled jobs,Manufacturing,Trend,,
BDCQ.SEA1CT,2017.03,,,C,Number,0,Business Data Collection - BDC,Industry by employment variable,Filled jobs,Manufacturing,Trend,,
BDCQ.SEA1CT,2017.06,,,C,Number,0,Business Data Collection - BDC,Industry by employment variable,Filled jobs,Manufacturing,Trend,,
BDCQ.SEA1CT,2017.09,,,C,Number,0,Business Data Collection - BDC,Industry by employment variable,Filled jobs,Manufacturing,Trend,,
BDCQ.SEA1CT,2017.12,,,C,Number,0,Business Data Collection - BDC,Industry by employment variable,Filled jobs,Manufacturing,Trend,,
BDCQ.SEA1CT,2018.03,,,C,Number,0,Business Data Collection - BDC,Industry by employment variable,Filled jobs,Manufacturing,Trend,,
BDCQ.SEA1CT,2018.06,,,C,Number,0,Business Data Collection - BDC,Industry by employment variable,Filled jobs,Manufacturing,Trend,,
BDCQ.SEA1CT,2018.09,,,C,Number,0,Business Data Collection - BDC,Industry by employment variable,Filled jobs,Manufacturing,Trend,,
BDCQ.SEA1CT,2018.12,,,C,Number,0,Business Data Collection - BDC,Industry by employment variable,Filled jobs,Manufacturing,Trend,,
BDCQ.SEA1CT,2019.03,,,C,Number,0,Business Data Collection - BDC,Industry by employment variable,Filled jobs,Manufacturing,Trend,,
BDCQ.SEA1CT,2019.06,,,C,Number,0,Business Data Collection - BDC,Industry by employment variable,Filled jobs,Manufacturing,Trend,,
BDCQ.SEA1CT,2019.09,,,C,Number,0,Business Data Collection - BDC,Industry by employment variable,Filled jobs,Manufacturing,Trend,,
BDCQ.SEA1CT,2019.12,,,C,Number,0,Business Data Collection - BDC,Industry by employment variable,Filled jobs,Manufacturing,Trend,,
BDCQ.SEA1CT,2020.03,,,C,Number,0,Business Data Collection - BDC,Industry by employment variable,Filled jobs,Manufacturing,Trend,,
BDCQ.SEA1CT,2020.06,,,C,Number,0,Business Data Collection - BDC,Industry by employment variable,Filled jobs,Manufacturing,Trend,,
BDCQ.SEA1CT,2020.09,,,C,Number,0,Business Data Collection - BDC,Industry by employment variable,Filled jobs,Manufacturing,Trend,,
BDCQ.SEA1CT,2020.12,,,C,Number,0,Business Data Collection - BDC,Industry by employment variable,Filled jobs,Manufacturing,Trend,,
BDCQ.SEA1CT,2021.03,,,C,Number,0,Business Data Collection - BDC,Industry by employment variable,Filled jobs,Manufacturing,Trend,,
BDCQ.SEA1CT,2021.06,,,C,Number,0,Business Data Collection - BDC,Industry by employment variable,Filled jobs,Manufacturing,Trend,,
BDCQ.SEA1CT,2021.09,,,C,Number,0,Business Data Collection - BDC,Industry by employment variable,Filled jobs,Manufacturing,Trend,,
BDCQ.SEA1CT,2021.12,,,C,Number,0,Business Data Collection - BDC,Industry by employment variable,Filled jobs,Manufacturing,Trend,,
BDCQ.SEA1CT,2022.03,,,C,Number,0,Business Data Collection - BDC,Industry by employment variable,Filled jobs,Manufacturing,Trend,,
BDCQ.SEA1CT,2022.06,,,C,Number,0,Business Data Collection - BDC,Industry by employment variable,Filled jobs,Manufacturing,Trend,,
BDCQ.SEA1CT,2022.09,,,C,Number,0,Business Data Collection - BDC,Industry by employment variable,Filled jobs,Manufacturing,Trend,,
BDCQ.SEA1DA,2011.06,14486,,F,Number,0,Business Data Collection - BDC,Industry by employment variable,Filled jobs,"Electricity, Gas, Water and Waste Services",Actual,,
BDCQ.SEA1DA,2011.09,14796,,F,Number,0,Business Data Collection - BDC,Industry by employment variable,Filled jobs,"Electricity, Gas, Water and Waste Services",Actual,,
BDCQ.SEA1DA,2011.12,15026,,F,Number,0,Business Data Collection - BDC,Industry by employment variable,Filled jobs,"Electricity, Gas, Water and Waste Services",Actual,,
BDCQ.SEA1DA,2012.03,15065,,F,Number,0,Business Data Collection - BDC,Industry by employment variable,Filled jobs,"Electricity, Gas, Water and Waste Services",Actual,,
BDCQ.SEA1DA,2012.06,15046,,F,Number,0,Business Data Collection - BDC,Industry by employment variable,Filled jobs,"Electricity, Gas, Water and Waste Services",Actual,,
BDCQ.SEA1DA,2012.09,15188,,F,Number,0,Business Data Collection - BDC,Industry by employment variable,Filled jobs,"Electricity, Gas, Water and Waste Services",Actual,,
BDCQ.SEA1DA,2012.12,15269,,F,Number,0,Business Data Collection - BDC,Industry by employment variable,Filled jobs,"Electricity, Gas, Water and Waste Services",Actual,,
BDCQ.SEA1DA,2013.03,15844,,F,Number,0,Business Data Collection - BDC,Industry by employment variable,Filled jobs,"Electricity, Gas, Water and Waste Services",Actual,,
BDCQ.SEA1DA,2013.06,15895,,F,Number,0,Business Data Collection - BDC,Industry by employment variable,Filled jobs,"Electricity, Gas, Water and Waste Services",Actual,,
BDCQ.SEA1DA,2013.09,15773,,F,Number,0,Business Data Collection - BDC,Industry by employment variable,Filled jobs,"Electricity, Gas, Water and Waste Services",Actual,,
BDCQ.SEA1DA,2013.12,16010,,F,Number,0,Business Data Collection - BDC,Industry by employment variable,Filled jobs,"Electricity, Gas, Water and Waste Services",Actual,,
BDCQ.SEA1DA,2014.03,15570,,F,Number,0,Business Data Collection - BDC,Industry by employment variable,Filled jobs,"Electricity, Gas, Water and Waste Services",Actual,,
BDCQ.SEA1DA,2014.06,15347,,F,Number,0,Business Data Collection - BDC,Industry by employment variable,Filled jobs,"Electricity, Gas, Water and Waste Services",Actual,,
BDCQ.SEA1DA,2014.09,15515,,F,Number,0,Business Data Collection - BDC,Industry by employment variable,Filled jobs,"Electricity, Gas, Water and Waste Services",Actual,,
BDCQ.SEA1DA,2014.12,15830,,F,Number,0,Business Data Collection - BDC,Industry by employment variable,Filled jobs,"Electricity, Gas, Water and Waste Services",Actual,,
BDCQ.SEA1DA,2015.03,16017,,F,Number,0,Business Data Collection - BDC,Industry by employment variable,Filled jobs,"Electricity, Gas, Water and Waste Services",Actual,,
BDCQ.SEA1DA,2015.06,15972,,F,Number,0,Business Data Collection - BDC,Industry by employment variable,Filled jobs,"Electricity, Gas, Water and Waste Services",Actual,,
BDCQ.SEA1DA,2015.09,15962,,F,Number,0,Business Data Collection - BDC,Industry by employment variable,Filled jobs,"Electricity, Gas, Water and Waste Services",Actual,,
BDCQ.SEA1DA,2015.12,16143,,F,Number,0,Business Data Collection - BDC,Industry by employment variable,Filled jobs,"Electricity, Gas, Water and Waste Services",Actual,,
BDCQ.SEA1DA,2016.03,16372,,F,Number,0,Business Data Collection - BDC,Industry by employment variable,Filled jobs,"Electricity, Gas, Water and Waste Services",Actual,,
BDCQ.SEA1DA,2016.06,16416,,F,Number,0,Business Data Collection - BDC,Industry by employment variable,Filled jobs,"Electricity, Gas, Water and Waste Services",Actual,,
BDCQ.SEA1DA,2016.09,16533,,F,Number,0,Business Data Collection - BDC,Industry by employment variable,Filled jobs,"Electricity, Gas, Water and Waste Services",Actual,,
BDCQ.SEA1DA,2016.12,16245,,F,Number,0,Business Data Collection - BDC,Industry by employment variable,Filled jobs,"Electricity, Gas, Water and Waste Services",Actual,,
BDCQ.SEA1DA,2017.03,17207,,F,Number,0,Business Data Collection - BDC,Industry by employment variable,Filled jobs,"Electricity, Gas, Water and Waste Services",Actual,,
BDCQ.SEA1DA,2017.06,17243,,F,Number,0,Business Data Collection - BDC,Industry by employment variable,Filled jobs,"Electricity, Gas, Water and Waste Services",Actual,,
BDCQ.SEA1DA,2017.09,17678,,F,Number,0,Business Data Collection - BDC,Industry by employment variable,Filled jobs,"Electricity, Gas, Water and Waste Services",Actual,,
BDCQ.SEA1DA,2017.12,18145,,F,Number,0,Business Data Collection - BDC,Industry by employment variable,Filled jobs,"Electricity, Gas, Water and Waste Services",Actual,,
BDCQ.SEA1DA,2018.03,18505,,F,Number,0,Business Data Collection - BDC,Industry by employment variable,Filled jobs,"Electricity, Gas, Water and Waste Services",Actual,,
BDCQ.SEA1DA,2018.06,18511,,F,Number,0,Business Data Collection - BDC,Industry by employment variable,Filled jobs,"Electricity, Gas, Water and Waste Services",Actual,,
BDCQ.SEA1DA,2018.09,18512,,F,Number,0,Business Data Collection - BDC,Industry by employment variable,Filled jobs,"Electricity, Gas, Water and Waste Services",Actual,,
BDCQ.SEA1DA,2018.12,18812,,F,Number,0,Business Data Collection - BDC,Industry by employment variable,Filled jobs,"Electricity, Gas, Water and Waste Services",Actual,,
BDCQ.SEA1DA,2019.03,18937,,F,Number,0,Business Data Collection - BDC,Industry by employment variable,Filled jobs,"Electricity, Gas, Water and Waste Services",Actual,,
BDCQ.SEA1DA,2019.06,19046,,F,Number,0,Business Data Collection - BDC,Industry by employment variable,Filled jobs,"Electricity, Gas, Water and Waste Services",Actual,,
BDCQ.SEA1DA,2019.09,19316,,F,Number,0,Business Data Collection - BDC,Industry by employment variable,Filled jobs,"Electricity, Gas, Water and Waste Services",Actual,,
BDCQ.SEA1DA,2019.12,19634,,F,Number,0,Business Data Collection - BDC,Industry by employment variable,Filled jobs,"Electricity, Gas, Water and Waste Services",Actual,,
BDCQ.SEA1DA,2020.03,19770,,F,Number,0,Business Data Collection - BDC,Industry by employment variable,Filled jobs,"Electricity, Gas, Water and Waste Services",Actual,,
BDCQ.SEA1DA,2020.06,19791,,F,Number,0,Business Data Collection - BDC,Industry by employment variable,Filled jobs,"Electricity, Gas, Water and Waste Services",Actual,,
BDCQ.SEA1DA,2020.09,19886,,F,Number,0,Business Data Collection - BDC,Industry by employment variable,Filled jobs,"Electricity, Gas, Water and Waste Services",Actual,,
BDCQ.SEA1DA,2020.12,20213,,F,Number,0,Business Data Collection - BDC,Industry by employment variable,Filled jobs,"Electricity, Gas, Water and Waste Services",Actual,,
BDCQ.SEA1DA,2021.03,20273,,F,Number,0,Business Data Collection - BDC,Industry by employment variable,Filled jobs,"Electricity, Gas, Water and Waste Services",Actual,,
BDCQ.SEA1DA,2021.06,20095,,F,Number,0,Business Data Collection - BDC,Industry by employment variable,Filled jobs,"Electricity, Gas, Water and Waste Services",Actual,,
BDCQ.SEA1DA,2021.09,20415,,F,Number,0,Business Data Collection - BDC,Industry by employment variable,Filled jobs,"Electricity, Gas, Water and Waste Services",Actual,,
BDCQ.SEA1DA,2021.12,20894,,F,Number,0,Business Data Collection - BDC,Industry by employment variable,Filled jobs,"Electricity, Gas, Water and Waste Services",Actual,,
BDCQ.SEA1DA,2022.03,21133,,F,Number,0,Business Data Collection - BDC,Industry by employment variable,Filled jobs,"Electricity, Gas, Water and Waste Services",Actual,,
BDCQ.SEA1DA,2022.06,21131,,F,Number,0,Business Data Collection - BDC,Industry by employment variable,Filled jobs,"Electricity, Gas, Water and Waste Services",Actual,,
BDCQ.SEA1DA,2022.09,21652,,F,Number,0,Business Data Collection - BDC,Industry by employment variable,Filled jobs,"Electricity, Gas, Water and Waste Services",Actual,,
BDCQ.SEA1DS,2011.06,14486,,R,Number,0,Business Data Collection - BDC,Industry by employment variable,Filled jobs,"Electricity, Gas, Water and Waste Services",Seasonally adjusted,,
BDCQ.SEA1DS,2011.09,14796,,R,Number,0,Business Data Collection - BDC,Industry by employment variable,Filled jobs,"Electricity, Gas, Water and Waste Services",Seasonally adjusted,,
BDCQ.SEA1DS,2011.12,15026,,R,Number,0,Business Data Collection - BDC,Industry by employment variable,Filled jobs,"Electricity, Gas, Water and Waste Services",Seasonally adjusted,,
BDCQ.SEA1DS,2012.03,15065,,R,Number,0,Business Data Collection - BDC,Industry by employment variable,Filled jobs,"Electricity, Gas, Water and Waste Services",Seasonally adjusted,,
BDCQ.SEA1DS,2012.06,15046,,R,Number,0,Business Data Collection - BDC,Industry by employment variable,Filled jobs,"Electricity, Gas, Water and Waste Services",Seasonally adjusted,,
BDCQ.SEA1DS,2012.09,15188,,R,Number,0,Business Data Collection - BDC,Industry by employment variable,Filled jobs,"Electricity, Gas, Water and Waste Services",Seasonally adjusted,,
BDCQ.SEA1DS,2012.12,15269,,R,Number,0,Business Data Collection - BDC,Industry by employment variable,Filled jobs,"Electricity, Gas, Water and Waste Services",Seasonally adjusted,,
BDCQ.SEA1DS,2013.03,15844,,R,Number,0,Business Data Collection - BDC,Industry by employment variable,Filled jobs,"Electricity, Gas, Water and Waste Services",Seasonally adjusted,,
BDCQ.SEA1DS,2013.06,15895,,R,Number,0,Business Data Collection - BDC,Industry by employment variable,Filled jobs,"Electricity, Gas, Water and Waste Services",Seasonally adjusted,,
BDCQ.SEA1DS,2013.09,15773,,R,Number,0,Business Data Collection - BDC,Industry by employment variable,Filled jobs,"Electricity, Gas, Water and Waste Services",Seasonally adjusted,,
BDCQ.SEA1DS,2013.12,16010,,R,Number,0,Business Data Collection - BDC,Industry by employment variable,Filled jobs,"Electricity, Gas, Water and Waste Services",Seasonally adjusted,,
BDCQ.SEA1DS,2014.03,15570,,R,Number,0,Business Data Collection - BDC,Industry by employment variable,Filled jobs,"Electricity, Gas, Water and Waste Services",Seasonally adjusted,,
BDCQ.SEA1DS,2014.06,15347,,R,Number,0,Business Data Collection - BDC,Industry by employment variable,Filled jobs,"Electricity, Gas, Water and Waste Services",Seasonally adjusted,,
BDCQ.SEA1DS,2014.09,15515,,R,Number,0,Business Data Collection - BDC,Industry by employment variable,Filled jobs,"Electricity, Gas, Water and Waste Services",Seasonally adjusted,,
BDCQ.SEA1DS,2014.12,15830,,R,Number,0,Business Data Collection - BDC,Industry by employment variable,Filled jobs,"Electricity, Gas, Water and Waste Services",Seasonally adjusted,,
BDCQ.SEA1DS,2015.03,16017,,R,Number,0,Business Data Collection - BDC,Industry by employment variable,Filled jobs,"Electricity, Gas, Water and Waste Services",Seasonally adjusted,,
BDCQ.SEA1DS,2015.06,15972,,R,Number,0,Business Data Collection - BDC,Industry by employment variable,Filled jobs,"Electricity, Gas, Water and Waste Services",Seasonally adjusted,,
BDCQ.SEA1DS,2015.09,15962,,R,Number,0,Business Data Collection - BDC,Industry by employment variable,Filled jobs,"Electricity, Gas, Water and Waste Services",Seasonally adjusted,,
BDCQ.SEA1DS,2015.12,16143,,R,Number,0,Business Data Collection - BDC,Industry by employment variable,Filled jobs,"Electricity, Gas, Water and Waste Services",Seasonally adjusted,,
BDCQ.SEA1DS,2016.03,16372,,R,Number,0,Business Data Collection - BDC,Industry by employment variable,Filled jobs,"Electricity, Gas, Water and Waste Services",Seasonally adjusted,,
BDCQ.SEA1DS,2016.06,16416,,R,Number,0,Business Data Collection - BDC,Industry by employment variable,Filled jobs,"Electricity, Gas, Water and Waste Services",Seasonally adjusted,,
BDCQ.SEA1DS,2016.09,16533,,R,Number,0,Business Data Collection - BDC,Industry by employment variable,Filled jobs,"Electricity, Gas, Water and Waste Services",Seasonally adjusted,,
BDCQ.SEA1DS,2016.12,16245,,R,Number,0,Business Data Collection - BDC,Industry by employment variable,Filled jobs,"Electricity, Gas, Water and Waste Services",Seasonally adjusted,,
BDCQ.SEA1DS,2017.03,17207,,R,Number,0,Business Data Collection - BDC,Industry by employment variable,Filled jobs,"Electricity, Gas, Water and Waste Services",Seasonally adjusted,,
BDCQ.SEA1DS,2017.06,17243,,R,Number,0,Business Data Collection - BDC,Industry by employment variable,Filled jobs,"Electricity, Gas, Water and Waste Services",Seasonally adjusted,,
BDCQ.SEA1DS,2017.09,17678,,R,Number,0,Business Data Collection - BDC,Industry by employment variable,Filled jobs,"Electricity, Gas, Water and Waste Services",Seasonally adjusted,,
BDCQ.SEA1DS,2017.12,18145,,R,Number,0,Business Data Collection - BDC,Industry by employment variable,Filled jobs,"Electricity, Gas, Water and Waste Services",Seasonally adjusted,,
BDCQ.SEA1DS,2018.03,18505,,R,Number,0,Business Data Collection - BDC,Industry by employment variable,Filled jobs,"Electricity, Gas, Water and Waste Services",Seasonally adjusted,,
BDCQ.SEA1DS,2018.06,18511,,R,Number,0,Business Data Collection - BDC,Industry by employment variable,Filled jobs,"Electricity, Gas, Water and Waste Services",Seasonally adjusted,,
BDCQ.SEA1DS,2018.09,18512,,R,Number,0,Business Data Collection - BDC,Industry by employment variable,Filled jobs,"Electricity, Gas, Water and Waste Services",Seasonally adjusted,,
BDCQ.SEA1DS,2018.12,18812,,R,Number,0,Business Data Collection - BDC,Industry by employment variable,Filled jobs,"Electricity, Gas, Water and Waste Services",Seasonally adjusted,,
BDCQ.SEA1DS,2019.03,18937,,R,Number,0,Business Data Collection - BDC,Industry by employment variable,Filled jobs,"Electricity, Gas, Water and Waste Services",Seasonally adjusted,,
BDCQ.SEA1DS,2019.06,19046,,R,Number,0,Business Data Collection - BDC,Industry by employment variable,Filled jobs,"Electricity, Gas, Water and Waste Services",Seasonally adjusted,,
BDCQ.SEA1DS,2019.09,19316,,R,Number,0,Business Data Collection - BDC,Industry by employment variable,Filled jobs,"Electricity, Gas, Water and Waste Services",Seasonally adjusted,,
BDCQ.SEA1DS,2019.12,19634,,R,Number,0,Business Data Collection - BDC,Industry by employment variable,Filled jobs,"Electricity, Gas, Water and Waste Services",Seasonally adjusted,,
BDCQ.SEA1DS,2020.03,19770,,R,Number,0,Business Data Collection - BDC,Industry by employment variable,Filled jobs,"Electricity, Gas, Water and Waste Services",Seasonally adjusted,,
BDCQ.SEA1DS,2020.06,19791,,R,Number,0,Business Data Collection - BDC,Industry by employment variable,Filled jobs,"Electricity, Gas, Water and Waste Services",Seasonally adjusted,,
BDCQ.SEA1DS,2020.09,19886,,R,Number,0,Business Data Collection - BDC,Industry by employment variable,Filled jobs,"Electricity, Gas, Water and Waste Services",Seasonally adjusted,,
BDCQ.SEA1DS,2020.12,20213,,R,Number,0,Business Data Collection - BDC,Industry by employment variable,Filled jobs,"Electricity, Gas, Water and Waste Services",Seasonally adjusted,,
